<?xml version="1.0" encoding="UTF-8" standalone="yes"?>
<addon id="plugin.audio.deutschlandfunk" name="Deutschlandfunk"
	version="1.0.4" provider-name="Heckie">
	<requires>
		<import addon="xbmc.python" version="2.25.0" />
		<import addon="script.module.beautifulsoup4" version="4.3.2" />
	</requires>
	<extension point="xbmc.python.pluginsource" library="addon.py">
		<provides>audio</provides>
	</extension>
	<extension point="xbmc.addon.metadata">
		<summary>Sender &amp; Podcasts des Deutschlandfunks in KODI</summary>
		<description>Kodi Addon für Deutschlandfunk, Deutschlandfunk Kultur und 
Deutschlandfunk Nova für Livestream und Podcasts

Mit diesem Addon können Radioprogramme des Deutschlandfunks gehört werden.
Es können sowohl die Live Streams vom Deutschlandfunk, 
Deutschlandfunk Kultur und Deutschlandfunk Nova als auch
sämtliche Podcasts der Sender gestreamt werden.</description>
		<disclaimer>Der Author des Addons ist nicht verantwortlich für die Inhalte, die auf Ihr Gerät gestreamt werden. Insbesondere liegt es in der alleinigen Verantwortung und Pflicht des Addon-Nutzers sich davon zu überzeugen, dass die Urheberrechtsvereinbarungen der zum Streaming aufgerufenden Websites und Inhalte nicht verletzt werden.</disclaimer>
		<language></language>
		<platform>all</platform>
		<license>MIT License</license>
		<forum></forum>
		<website>https://github.com/Heckie75/kodi-addon-deutschlandfunk</website>
		<email></email>
		<source>https://github.com/Heckie75/kodi-addon-deutschlandfunk/tree/master/plugin.audio.deutschlandfunk</source>
		<news>
v1.0.4 (2020-02-02)
- Changed parser for Deutschlandradio Kultur so that podcasts work again

v1.0.3 (2019-06-15)
- Adjusted new URLs for streaming services

v1.0.2 (2019-03-31)
- added user-agent since this morning site with podcasts returned http 500 w/o user-agent

v1.0.1 (2019-02-23)
- Adjusted parser for DLF podcasts

v1.0.0 (2018-06-11)
- First release</news>
		<assets>
			<icon>icon.png</icon>
			<fanart>fanart.png</fanart>
			<screenshot>resources/assets/screen.png</screenshot>
		</assets>
	</extension>
</addon>
